{"cameraMode":{"drawMode":0,"name":"Shaded","section":"Shading Mode"},"sceneLighting":false,"audioPlay":false,"sceneViewState":{"m_AlwaysRefresh":false,"showFog":false,"showSkybox":false,"showFlares":false,"showImageEffects":false,"showParticleSystems":false,"showVisualEffectGraphs":true,"m_FxEnabled":true},"in2DMode":false,"pivot":{"x":-0.052677690982818606,"y":0.7961748242378235,"z":0.09084439277648926},"rotation":{"x":0.15976490080356599,"y":0.001776385004632175,"z":0.0016704703448340297,"w":0.9867529273033142},"size":1.3561862707138062,"orthographic":false}