{"cameraMode":{"drawMode":0,"name":"Shaded","section":"Shading Mode"},"sceneLighting":false,"audioPlay":false,"sceneViewState":{"m_AlwaysRefresh":false,"showFog":false,"showSkybox":false,"showFlares":false,"showImageEffects":false,"showParticleSystems":false,"showVisualEffectGraphs":true,"m_FxEnabled":true},"in2DMode":false,"pivot":{"x":-0.052677690982818606,"y":0.7961748242378235,"z":0.09084439277648926},"rotation":{"x":0.2800871729850769,"y":-0.0207380224019289,"z":0.008187994360923767,"w":0.9593168497085571},"size":1.3506993055343629,"orthographic":false}